{"stats":{"minecraft:killed":{"minecraft:skeleton":3,"minecraft:spider":1,"minecraft:zombie":4,"minecraft:enderman":1,"minecraft:cow":2},"minecraft:picked_up":{"minecraft:arrow":1,"minecraft:bone":2,"minecraft:rotten_flesh":2,"minecraft:leather":2,"minecraft:wheat_seeds":1,"sophisticatedbackpacks:backpack":1,"minecraft:beef":4,"pointblank:gunmetal_nugget":3,"automobility:launch_gel":1,"minecraft:poppy":1,"minecraft:string":2},"minecraft:dropped":{"minecraft:acacia_leaves":1},"minecraft:used":{"automobility:steep_slope":14,"automobility:slope":6,"sophisticatedbackpacks:backpack":2,"automobility:launch_gel":3,"automobility:dash_panel":48,"cfm:fridge_light":1,"minecraft:grass_block":1,"minecraft:acacia_leaves":1},"minecraft:custom":{"minecraft:time_since_rest":28236,"minecraft:crouch_one_cm":365,"minecraft:play_time":28236,"minecraft:sprint_one_cm":10951,"minecraft:damage_taken":50,"minecraft:walk_one_cm":36794,"minecraft:sneak_time":349,"minecraft:walk_under_water_one_cm":1007,"minecraft:mob_kills":11,"minecraft:drop":1,"minecraft:jump":139,"minecraft:damage_dealt":187,"minecraft:leave_game":5,"minecraft:time_since_death":28236,"minecraft:walk_on_water_one_cm":144,"minecraft:total_world_time":28236,"minecraft:damage_dealt_absorbed":40,"minecraft:fall_one_cm":5649,"minecraft:fly_one_cm":46375}},"DataVersion":3465}