{"stats":{"minecraft:dropped":{"minecraft:acacia_leaves":1},"minecraft:killed":{"minecraft:skeleton":3,"minecraft:spider":1,"minecraft:zombie":4,"minecraft:cow":2},"minecraft:custom":{"minecraft:time_since_rest":25057,"minecraft:crouch_one_cm":325,"minecraft:play_time":25057,"minecraft:sprint_one_cm":7822,"minecraft:damage_taken":50,"minecraft:walk_one_cm":27515,"minecraft:sneak_time":332,"minecraft:walk_under_water_one_cm":1007,"minecraft:mob_kills":10,"minecraft:drop":1,"minecraft:jump":93,"minecraft:damage_dealt":92,"minecraft:leave_game":4,"minecraft:time_since_death":25057,"minecraft:walk_on_water_one_cm":144,"minecraft:total_world_time":25057,"minecraft:damage_dealt_absorbed":40,"minecraft:fall_one_cm":2434,"minecraft:fly_one_cm":37744},"minecraft:used":{"automobility:steep_slope":14,"sophisticatedbackpacks:backpack":2,"automobility:slope":6,"automobility:launch_gel":3,"automobility:dash_panel":48,"cfm:fridge_light":1,"minecraft:grass_block":1,"minecraft:acacia_leaves":1},"minecraft:picked_up":{"minecraft:arrow":1,"minecraft:bone":2,"minecraft:rotten_flesh":2,"minecraft:leather":2,"minecraft:wheat_seeds":1,"sophisticatedbackpacks:backpack":1,"minecraft:beef":4,"pointblank:gunmetal_nugget":3,"automobility:launch_gel":1,"minecraft:poppy":1,"minecraft:string":2}},"DataVersion":3465}